
[
    {
      "id": 1,
      "trackName": "170cm",
      "artistName": "Paal Dabba",
      "platform": "Spotify",
      "imageUrl": "/thumbnails/170cm.png"
    },
    {
      "id": 2,
      "trackName": "Soupboy",
      "artistName": "McDevesh",
      "platform": "Spotify",
      "imageUrl": "/thumbnails/soupboy.png"
    },
    {
      "id": 3,
      "trackName": "One Day",
      "artistName": "Lil Phil",
      "platform": "Spotify",
      "imageUrl": "/thumbnails/oneDay.png"
    },
    {
      "id": 4,
      "trackName": "Kaun Tu",
      "artistName": "ABI IASH",
      "platform": "Spotify",
      "imageUrl": "/thumbnails/kaunTu.png"
    },
    {
      "id": 5,
      "trackName": "Osciallate",
      "artistName": "Vanillax",
      "platform": "Spotify",
      "imageUrl": "/thumbnails/oscillate.png"
    }
    
  ]
  